DATE,weight,month,dow,is_weekend,is_holiday,dom_bucket,weight_method
2026-01-01,0.686389672,1,3,0,1,1_10,"train(2024-2025): mean(SALES_AMT|month,dow,is_holiday,dom_bucket)/mean(SALES_AMT|month); apply 2026 official HK holidays; normalize mean(weight)=1 per month"
2026-01-02,0.692528307,1,4,0,0,1_10,"train(2024-2025): mean(SALES_AMT|month,dow,is_holiday,dom_bucket)/mean(SALES_AMT|month); apply 2026 official HK holidays; normalize mean(weight)=1 per month"
2026-01-03,0.832018222,1,5,1,0,1_10,"train(2024-2025): mean(SALES_AMT|month,dow,is_holiday,dom_bucket)/mean(SALES_AMT|month); apply 2026 official HK holidays; normalize mean(weight)=1 per month"
2026-01-04,0.895087229,1,6,1,0,1_10,"train(2024-2025): mean(SALES_AMT|month,dow,is_holiday,dom_bucket)/mean(SALES_AMT|month); apply 2026 official HK holidays; normalize mean(weight)=1 per month"
2026-01-05,0.70346962,1,0,0,0,1_10,"train(2024-2025): mean(SALES_AMT|month,dow,is_holiday,dom_bucket)/mean(SALES_AMT|month); apply 2026 official HK holidays; normalize mean(weight)=1 per month"
2026-01-06,0.731167441,1,1,0,0,1_10,"train(2024-2025): mean(SALES_AMT|month,dow,is_holiday,dom_bucket)/mean(SALES_AMT|month); apply 2026 official HK holidays; normalize mean(weight)=1 per month"
2026-01-07,0.70716576,1,2,0,0,1_10,"train(2024-2025): mean(SALES_AMT|month,dow,is_holiday,dom_bucket)/mean(SALES_AMT|month); apply 2026 official HK holidays; normalize mean(weight)=1 per month"
2026-01-08,0.686389672,1,3,0,0,1_10,"train(2024-2025): mean(SALES_AMT|month,dow,is_holiday,dom_bucket)/mean(SALES_AMT|month); apply 2026 official HK holidays; normalize mean(weight)=1 per month"
2026-01-09,0.692528307,1,4,0,0,1_10,"train(2024-2025): mean(SALES_AMT|month,dow,is_holiday,dom_bucket)/mean(SALES_AMT|month); apply 2026 official HK holidays; normalize mean(weight)=1 per month"
2026-01-10,0.832018222,1,5,1,0,1_10,"train(2024-2025): mean(SALES_AMT|month,dow,is_holiday,dom_bucket)/mean(SALES_AMT|month); apply 2026 official HK holidays; normalize mean(weight)=1 per month"
2026-01-11,1.285261157,1,6,1,0,11_20,"train(2024-2025): mean(SALES_AMT|month,dow,is_holiday,dom_bucket)/mean(SALES_AMT|month); apply 2026 official HK holidays; normalize mean(weight)=1 per month"
2026-01-12,0.890508895,1,0,0,0,11_20,"train(2024-2025): mean(SALES_AMT|month,dow,is_holiday,dom_bucket)/mean(SALES_AMT|month); apply 2026 official HK holidays; normalize mean(weight)=1 per month"
2026-01-13,0.785346637,1,1,0,0,11_20,"train(2024-2025): mean(SALES_AMT|month,dow,is_holiday,dom_bucket)/mean(SALES_AMT|month); apply 2026 official HK holidays; normalize mean(weight)=1 per month"
2026-01-14,0.802367041,1,2,0,0,11_20,"train(2024-2025): mean(SALES_AMT|month,dow,is_holiday,dom_bucket)/mean(SALES_AMT|month); apply 2026 official HK holidays; normalize mean(weight)=1 per month"
2026-01-15,0.811445917,1,3,0,0,11_20,"train(2024-2025): mean(SALES_AMT|month,dow,is_holiday,dom_bucket)/mean(SALES_AMT|month); apply 2026 official HK holidays; normalize mean(weight)=1 per month"
2026-01-16,0.82105626,1,4,0,0,11_20,"train(2024-2025): mean(SALES_AMT|month,dow,is_holiday,dom_bucket)/mean(SALES_AMT|month); apply 2026 official HK holidays; normalize mean(weight)=1 per month"
2026-01-17,1.040973915,1,5,1,0,11_20,"train(2024-2025): mean(SALES_AMT|month,dow,is_holiday,dom_bucket)/mean(SALES_AMT|month); apply 2026 official HK holidays; normalize mean(weight)=1 per month"
2026-01-18,1.285261157,1,6,1,0,11_20,"train(2024-2025): mean(SALES_AMT|month,dow,is_holiday,dom_bucket)/mean(SALES_AMT|month); apply 2026 official HK holidays; normalize mean(weight)=1 per month"
2026-01-19,0.890508895,1,0,0,0,11_20,"train(2024-2025): mean(SALES_AMT|month,dow,is_holiday,dom_bucket)/mean(SALES_AMT|month); apply 2026 official HK holidays; normalize mean(weight)=1 per month"
2026-01-20,0.785346637,1,1,0,0,11_20,"train(2024-2025): mean(SALES_AMT|month,dow,is_holiday,dom_bucket)/mean(SALES_AMT|month); apply 2026 official HK holidays; normalize mean(weight)=1 per month"
2026-01-21,1.118376685,1,2,0,0,21_EOM,"train(2024-2025): mean(SALES_AMT|month,dow,is_holiday,dom_bucket)/mean(SALES_AMT|month); apply 2026 official HK holidays; normalize mean(weight)=1 per month"
2026-01-22,1.209529339,1,3,0,0,21_EOM,"train(2024-2025): mean(SALES_AMT|month,dow,is_holiday,dom_bucket)/mean(SALES_AMT|month); apply 2026 official HK holidays; normalize mean(weight)=1 per month"
2026-01-23,1.213499229,1,4,0,0,21_EOM,"train(2024-2025): mean(SALES_AMT|month,dow,is_holiday,dom_bucket)/mean(SALES_AMT|month); apply 2026 official HK holidays; normalize mean(weight)=1 per month"
2026-01-24,1.502012933,1,5,1,0,21_EOM,"train(2024-2025): mean(SALES_AMT|month,dow,is_holiday,dom_bucket)/mean(SALES_AMT|month); apply 2026 official HK holidays; normalize mean(weight)=1 per month"
2026-01-25,1.610605018,1,6,1,0,21_EOM,"train(2024-2025): mean(SALES_AMT|month,dow,is_holiday,dom_bucket)/mean(SALES_AMT|month); apply 2026 official HK holidays; normalize mean(weight)=1 per month"
2026-01-26,1.265331349,1,0,0,0,21_EOM,"train(2024-2025): mean(SALES_AMT|month,dow,is_holiday,dom_bucket)/mean(SALES_AMT|month); apply 2026 official HK holidays; normalize mean(weight)=1 per month"
2026-01-27,1.180388297,1,1,0,0,21_EOM,"train(2024-2025): mean(SALES_AMT|month,dow,is_holiday,dom_bucket)/mean(SALES_AMT|month); apply 2026 official HK holidays; normalize mean(weight)=1 per month"
2026-01-28,1.118376685,1,2,0,0,21_EOM,"train(2024-2025): mean(SALES_AMT|month,dow,is_holiday,dom_bucket)/mean(SALES_AMT|month); apply 2026 official HK holidays; normalize mean(weight)=1 per month"
2026-01-29,1.209529339,1,3,0,0,21_EOM,"train(2024-2025): mean(SALES_AMT|month,dow,is_holiday,dom_bucket)/mean(SALES_AMT|month); apply 2026 official HK holidays; normalize mean(weight)=1 per month"
2026-01-30,1.213499229,1,4,0,0,21_EOM,"train(2024-2025): mean(SALES_AMT|month,dow,is_holiday,dom_bucket)/mean(SALES_AMT|month); apply 2026 official HK holidays; normalize mean(weight)=1 per month"
2026-01-31,1.502012933,1,5,1,0,21_EOM,"train(2024-2025): mean(SALES_AMT|month,dow,is_holiday,dom_bucket)/mean(SALES_AMT|month); apply 2026 official HK holidays; normalize mean(weight)=1 per month"
2026-02-01,1.449773577,2,6,1,0,1_10,"train(2024-2025): mean(SALES_AMT|month,dow,is_holiday,dom_bucket)/mean(SALES_AMT|month); apply 2026 official HK holidays; normalize mean(weight)=1 per month"
2026-02-02,1.203972481,2,0,0,0,1_10,"train(2024-2025): mean(SALES_AMT|month,dow,is_holiday,dom_bucket)/mean(SALES_AMT|month); apply 2026 official HK holidays; normalize mean(weight)=1 per month"
2026-02-03,1.395201221,2,1,0,0,1_10,"train(2024-2025): mean(SALES_AMT|month,dow,is_holiday,dom_bucket)/mean(SALES_AMT|month); apply 2026 official HK holidays; normalize mean(weight)=1 per month"
2026-02-04,1.394190756,2,2,0,0,1_10,"train(2024-2025): mean(SALES_AMT|month,dow,is_holiday,dom_bucket)/mean(SALES_AMT|month); apply 2026 official HK holidays; normalize mean(weight)=1 per month"
2026-02-05,1.568662108,2,3,0,0,1_10,"train(2024-2025): mean(SALES_AMT|month,dow,is_holiday,dom_bucket)/mean(SALES_AMT|month); apply 2026 official HK holidays; normalize mean(weight)=1 per month"
2026-02-06,1.456497799,2,4,0,0,1_10,"train(2024-2025): mean(SALES_AMT|month,dow,is_holiday,dom_bucket)/mean(SALES_AMT|month); apply 2026 official HK holidays; normalize mean(weight)=1 per month"
2026-02-07,1.336991082,2,5,1,0,1_10,"train(2024-2025): mean(SALES_AMT|month,dow,is_holiday,dom_bucket)/mean(SALES_AMT|month); apply 2026 official HK holidays; normalize mean(weight)=1 per month"
2026-02-08,1.449773577,2,6,1,0,1_10,"train(2024-2025): mean(SALES_AMT|month,dow,is_holiday,dom_bucket)/mean(SALES_AMT|month); apply 2026 official HK holidays; normalize mean(weight)=1 per month"
2026-02-09,1.203972481,2,0,0,0,1_10,"train(2024-2025): mean(SALES_AMT|month,dow,is_holiday,dom_bucket)/mean(SALES_AMT|month); apply 2026 official HK holidays; normalize mean(weight)=1 per month"
2026-02-10,1.395201221,2,1,0,0,1_10,"train(2024-2025): mean(SALES_AMT|month,dow,is_holiday,dom_bucket)/mean(SALES_AMT|month); apply 2026 official HK holidays; normalize mean(weight)=1 per month"
2026-02-11,0.812787048,2,2,0,0,11_20,"train(2024-2025): mean(SALES_AMT|month,dow,is_holiday,dom_bucket)/mean(SALES_AMT|month); apply 2026 official HK holidays; normalize mean(weight)=1 per month"
2026-02-12,0.870355742,2,3,0,0,11_20,"train(2024-2025): mean(SALES_AMT|month,dow,is_holiday,dom_bucket)/mean(SALES_AMT|month); apply 2026 official HK holidays; normalize mean(weight)=1 per month"
2026-02-13,0.963833105,2,4,0,0,11_20,"train(2024-2025): mean(SALES_AMT|month,dow,is_holiday,dom_bucket)/mean(SALES_AMT|month); apply 2026 official HK holidays; normalize mean(weight)=1 per month"
2026-02-14,0.816903746,2,5,1,0,11_20,"train(2024-2025): mean(SALES_AMT|month,dow,is_holiday,dom_bucket)/mean(SALES_AMT|month); apply 2026 official HK holidays; normalize mean(weight)=1 per month"
2026-02-15,0.933673474,2,6,1,0,11_20,"train(2024-2025): mean(SALES_AMT|month,dow,is_holiday,dom_bucket)/mean(SALES_AMT|month); apply 2026 official HK holidays; normalize mean(weight)=1 per month"
2026-02-16,0.649980582,2,0,0,0,11_20,"train(2024-2025): mean(SALES_AMT|month,dow,is_holiday,dom_bucket)/mean(SALES_AMT|month); apply 2026 official HK holidays; normalize mean(weight)=1 per month"
2026-02-17,1.52075755,2,1,0,1,11_20,"train(2024-2025): mean(SALES_AMT|month,dow,is_holiday,dom_bucket)/mean(SALES_AMT|month); apply 2026 official HK holidays; normalize mean(weight)=1 per month"
2026-02-18,0.812787048,2,2,0,1,11_20,"train(2024-2025): mean(SALES_AMT|month,dow,is_holiday,dom_bucket)/mean(SALES_AMT|month); apply 2026 official HK holidays; normalize mean(weight)=1 per month"
2026-02-19,0.870355742,2,3,0,1,11_20,"train(2024-2025): mean(SALES_AMT|month,dow,is_holiday,dom_bucket)/mean(SALES_AMT|month); apply 2026 official HK holidays; normalize mean(weight)=1 per month"
2026-02-20,0.963833105,2,4,0,0,11_20,"train(2024-2025): mean(SALES_AMT|month,dow,is_holiday,dom_bucket)/mean(SALES_AMT|month); apply 2026 official HK holidays; normalize mean(weight)=1 per month"
2026-02-21,0.695311726,2,5,1,0,21_EOM,"train(2024-2025): mean(SALES_AMT|month,dow,is_holiday,dom_bucket)/mean(SALES_AMT|month); apply 2026 official HK holidays; normalize mean(weight)=1 per month"
2026-02-22,0.760934833,2,6,1,0,21_EOM,"train(2024-2025): mean(SALES_AMT|month,dow,is_holiday,dom_bucket)/mean(SALES_AMT|month); apply 2026 official HK holidays; normalize mean(weight)=1 per month"
2026-02-23,0.494644851,2,0,0,0,21_EOM,"train(2024-2025): mean(SALES_AMT|month,dow,is_holiday,dom_bucket)/mean(SALES_AMT|month); apply 2026 official HK holidays; normalize mean(weight)=1 per month"
2026-02-24,0.542793037,2,1,0,0,21_EOM,"train(2024-2025): mean(SALES_AMT|month,dow,is_holiday,dom_bucket)/mean(SALES_AMT|month); apply 2026 official HK holidays; normalize mean(weight)=1 per month"
2026-02-25,0.596384854,2,2,0,0,21_EOM,"train(2024-2025): mean(SALES_AMT|month,dow,is_holiday,dom_bucket)/mean(SALES_AMT|month); apply 2026 official HK holidays; normalize mean(weight)=1 per month"
2026-02-26,0.60335022,2,3,0,0,21_EOM,"train(2024-2025): mean(SALES_AMT|month,dow,is_holiday,dom_bucket)/mean(SALES_AMT|month); apply 2026 official HK holidays; normalize mean(weight)=1 per month"
2026-02-27,0.541765312,2,4,0,0,21_EOM,"train(2024-2025): mean(SALES_AMT|month,dow,is_holiday,dom_bucket)/mean(SALES_AMT|month); apply 2026 official HK holidays; normalize mean(weight)=1 per month"
2026-02-28,0.695311726,2,5,1,0,21_EOM,"train(2024-2025): mean(SALES_AMT|month,dow,is_holiday,dom_bucket)/mean(SALES_AMT|month); apply 2026 official HK holidays; normalize mean(weight)=1 per month"
2026-03-01,1.129901376,3,6,1,0,1_10,"train(2024-2025): mean(SALES_AMT|month,dow,is_holiday,dom_bucket)/mean(SALES_AMT|month); apply 2026 official HK holidays; normalize mean(weight)=1 per month"
2026-03-02,0.775059705,3,0,0,0,1_10,"train(2024-2025): mean(SALES_AMT|month,dow,is_holiday,dom_bucket)/mean(SALES_AMT|month); apply 2026 official HK holidays; normalize mean(weight)=1 per month"
2026-03-03,0.806934991,3,1,0,0,1_10,"train(2024-2025): mean(SALES_AMT|month,dow,is_holiday,dom_bucket)/mean(SALES_AMT|month); apply 2026 official HK holidays; normalize mean(weight)=1 per month"
2026-03-04,0.91447091,3,2,0,0,1_10,"train(2024-2025): mean(SALES_AMT|month,dow,is_holiday,dom_bucket)/mean(SALES_AMT|month); apply 2026 official HK holidays; normalize mean(weight)=1 per month"
2026-03-05,0.874932479,3,3,0,0,1_10,"train(2024-2025): mean(SALES_AMT|month,dow,is_holiday,dom_bucket)/mean(SALES_AMT|month); apply 2026 official HK holidays; normalize mean(weight)=1 per month"
2026-03-06,0.876952913,3,4,0,0,1_10,"train(2024-2025): mean(SALES_AMT|month,dow,is_holiday,dom_bucket)/mean(SALES_AMT|month); apply 2026 official HK holidays; normalize mean(weight)=1 per month"
2026-03-07,1.170088008,3,5,1,0,1_10,"train(2024-2025): mean(SALES_AMT|month,dow,is_holiday,dom_bucket)/mean(SALES_AMT|month); apply 2026 official HK holidays; normalize mean(weight)=1 per month"
2026-03-08,1.129901376,3,6,1,0,1_10,"train(2024-2025): mean(SALES_AMT|month,dow,is_holiday,dom_bucket)/mean(SALES_AMT|month); apply 2026 official HK holidays; normalize mean(weight)=1 per month"
2026-03-09,0.775059705,3,0,0,0,1_10,"train(2024-2025): mean(SALES_AMT|month,dow,is_holiday,dom_bucket)/mean(SALES_AMT|month); apply 2026 official HK holidays; normalize mean(weight)=1 per month"
2026-03-10,0.806934991,3,1,0,0,1_10,"train(2024-2025): mean(SALES_AMT|month,dow,is_holiday,dom_bucket)/mean(SALES_AMT|month); apply 2026 official HK holidays; normalize mean(weight)=1 per month"
2026-03-11,0.983574344,3,2,0,0,11_20,"train(2024-2025): mean(SALES_AMT|month,dow,is_holiday,dom_bucket)/mean(SALES_AMT|month); apply 2026 official HK holidays; normalize mean(weight)=1 per month"
2026-03-12,0.879393024,3,3,0,0,11_20,"train(2024-2025): mean(SALES_AMT|month,dow,is_holiday,dom_bucket)/mean(SALES_AMT|month); apply 2026 official HK holidays; normalize mean(weight)=1 per month"
2026-03-13,0.951387523,3,4,0,0,11_20,"train(2024-2025): mean(SALES_AMT|month,dow,is_holiday,dom_bucket)/mean(SALES_AMT|month); apply 2026 official HK holidays; normalize mean(weight)=1 per month"
2026-03-14,1.138251771,3,5,1,0,11_20,"train(2024-2025): mean(SALES_AMT|month,dow,is_holiday,dom_bucket)/mean(SALES_AMT|month); apply 2026 official HK holidays; normalize mean(weight)=1 per month"
2026-03-15,1.291606868,3,6,1,0,11_20,"train(2024-2025): mean(SALES_AMT|month,dow,is_holiday,dom_bucket)/mean(SALES_AMT|month); apply 2026 official HK holidays; normalize mean(weight)=1 per month"
2026-03-16,0.830543273,3,0,0,0,11_20,"train(2024-2025): mean(SALES_AMT|month,dow,is_holiday,dom_bucket)/mean(SALES_AMT|month); apply 2026 official HK holidays; normalize mean(weight)=1 per month"
2026-03-17,0.880464189,3,1,0,0,11_20,"train(2024-2025): mean(SALES_AMT|month,dow,is_holiday,dom_bucket)/mean(SALES_AMT|month); apply 2026 official HK holidays; normalize mean(weight)=1 per month"
2026-03-18,0.983574344,3,2,0,0,11_20,"train(2024-2025): mean(SALES_AMT|month,dow,is_holiday,dom_bucket)/mean(SALES_AMT|month); apply 2026 official HK holidays; normalize mean(weight)=1 per month"
2026-03-19,0.879393024,3,3,0,0,11_20,"train(2024-2025): mean(SALES_AMT|month,dow,is_holiday,dom_bucket)/mean(SALES_AMT|month); apply 2026 official HK holidays; normalize mean(weight)=1 per month"
2026-03-20,0.951387523,3,4,0,0,11_20,"train(2024-2025): mean(SALES_AMT|month,dow,is_holiday,dom_bucket)/mean(SALES_AMT|month); apply 2026 official HK holidays; normalize mean(weight)=1 per month"
2026-03-21,1.167108208,3,5,1,0,21_EOM,"train(2024-2025): mean(SALES_AMT|month,dow,is_holiday,dom_bucket)/mean(SALES_AMT|month); apply 2026 official HK holidays; normalize mean(weight)=1 per month"
2026-03-22,1.270806412,3,6,1,0,21_EOM,"train(2024-2025): mean(SALES_AMT|month,dow,is_holiday,dom_bucket)/mean(SALES_AMT|month); apply 2026 official HK holidays; normalize mean(weight)=1 per month"
2026-03-23,0.894760949,3,0,0,0,21_EOM,"train(2024-2025): mean(SALES_AMT|month,dow,is_holiday,dom_bucket)/mean(SALES_AMT|month); apply 2026 official HK holidays; normalize mean(weight)=1 per month"
2026-03-24,1.05922116,3,1,0,0,21_EOM,"train(2024-2025): mean(SALES_AMT|month,dow,is_holiday,dom_bucket)/mean(SALES_AMT|month); apply 2026 official HK holidays; normalize mean(weight)=1 per month"
2026-03-25,1.085359101,3,2,0,0,21_EOM,"train(2024-2025): mean(SALES_AMT|month,dow,is_holiday,dom_bucket)/mean(SALES_AMT|month); apply 2026 official HK holidays; normalize mean(weight)=1 per month"
2026-03-26,1.139183877,3,3,0,0,21_EOM,"train(2024-2025): mean(SALES_AMT|month,dow,is_holiday,dom_bucket)/mean(SALES_AMT|month); apply 2026 official HK holidays; normalize mean(weight)=1 per month"
2026-03-27,0.961851226,3,4,0,0,21_EOM,"train(2024-2025): mean(SALES_AMT|month,dow,is_holiday,dom_bucket)/mean(SALES_AMT|month); apply 2026 official HK holidays; normalize mean(weight)=1 per month"
2026-03-28,1.167108208,3,5,1,0,21_EOM,"train(2024-2025): mean(SALES_AMT|month,dow,is_holiday,dom_bucket)/mean(SALES_AMT|month); apply 2026 official HK holidays; normalize mean(weight)=1 per month"
2026-03-29,1.270806412,3,6,1,0,21_EOM,"train(2024-2025): mean(SALES_AMT|month,dow,is_holiday,dom_bucket)/mean(SALES_AMT|month); apply 2026 official HK holidays; normalize mean(weight)=1 per month"
2026-03-30,0.894760949,3,0,0,0,21_EOM,"train(2024-2025): mean(SALES_AMT|month,dow,is_holiday,dom_bucket)/mean(SALES_AMT|month); apply 2026 official HK holidays; normalize mean(weight)=1 per month"
2026-03-31,1.05922116,3,1,0,0,21_EOM,"train(2024-2025): mean(SALES_AMT|month,dow,is_holiday,dom_bucket)/mean(SALES_AMT|month); apply 2026 official HK holidays; normalize mean(weight)=1 per month"
2026-04-01,0.862198892,4,2,0,0,1_10,"train(2024-2025): mean(SALES_AMT|month,dow,is_holiday,dom_bucket)/mean(SALES_AMT|month); apply 2026 official HK holidays; normalize mean(weight)=1 per month"
2026-04-02,0.782404845,4,3,0,0,1_10,"train(2024-2025): mean(SALES_AMT|month,dow,is_holiday,dom_bucket)/mean(SALES_AMT|month); apply 2026 official HK holidays; normalize mean(weight)=1 per month"
2026-04-03,1.16690883,4,4,0,1,1_10,"train(2024-2025): mean(SALES_AMT|month,dow,is_holiday,dom_bucket)/mean(SALES_AMT|month); apply 2026 official HK holidays; normalize mean(weight)=1 per month"
2026-04-04,1.10471617,4,5,1,1,1_10,"train(2024-2025): mean(SALES_AMT|month,dow,is_holiday,dom_bucket)/mean(SALES_AMT|month); apply 2026 official HK holidays; normalize mean(weight)=1 per month"
2026-04-05,1.001824434,4,6,1,0,1_10,"train(2024-2025): mean(SALES_AMT|month,dow,is_holiday,dom_bucket)/mean(SALES_AMT|month); apply 2026 official HK holidays; normalize mean(weight)=1 per month"
2026-04-06,1.06567919,4,0,0,1,1_10,"train(2024-2025): mean(SALES_AMT|month,dow,is_holiday,dom_bucket)/mean(SALES_AMT|month); apply 2026 official HK holidays; normalize mean(weight)=1 per month"
2026-04-07,0.881962517,4,1,0,1,1_10,"train(2024-2025): mean(SALES_AMT|month,dow,is_holiday,dom_bucket)/mean(SALES_AMT|month); apply 2026 official HK holidays; normalize mean(weight)=1 per month"
2026-04-08,0.862198892,4,2,0,0,1_10,"train(2024-2025): mean(SALES_AMT|month,dow,is_holiday,dom_bucket)/mean(SALES_AMT|month); apply 2026 official HK holidays; normalize mean(weight)=1 per month"
2026-04-09,0.782404845,4,3,0,0,1_10,"train(2024-2025): mean(SALES_AMT|month,dow,is_holiday,dom_bucket)/mean(SALES_AMT|month); apply 2026 official HK holidays; normalize mean(weight)=1 per month"
2026-04-10,1.470752899,4,4,0,0,1_10,"train(2024-2025): mean(SALES_AMT|month,dow,is_holiday,dom_bucket)/mean(SALES_AMT|month); apply 2026 official HK holidays; normalize mean(weight)=1 per month"
2026-04-11,1.211867482,4,5,1,0,11_20,"train(2024-2025): mean(SALES_AMT|month,dow,is_holiday,dom_bucket)/mean(SALES_AMT|month); apply 2026 official HK holidays; normalize mean(weight)=1 per month"
2026-04-12,1.16711418,4,6,1,0,11_20,"train(2024-2025): mean(SALES_AMT|month,dow,is_holiday,dom_bucket)/mean(SALES_AMT|month); apply 2026 official HK holidays; normalize mean(weight)=1 per month"
2026-04-13,0.972734298,4,0,0,0,11_20,"train(2024-2025): mean(SALES_AMT|month,dow,is_holiday,dom_bucket)/mean(SALES_AMT|month); apply 2026 official HK holidays; normalize mean(weight)=1 per month"
2026-04-14,0.989108783,4,1,0,0,11_20,"train(2024-2025): mean(SALES_AMT|month,dow,is_holiday,dom_bucket)/mean(SALES_AMT|month); apply 2026 official HK holidays; normalize mean(weight)=1 per month"
2026-04-15,1.051219095,4,2,0,0,11_20,"train(2024-2025): mean(SALES_AMT|month,dow,is_holiday,dom_bucket)/mean(SALES_AMT|month); apply 2026 official HK holidays; normalize mean(weight)=1 per month"
2026-04-16,1.020342399,4,3,0,0,11_20,"train(2024-2025): mean(SALES_AMT|month,dow,is_holiday,dom_bucket)/mean(SALES_AMT|month); apply 2026 official HK holidays; normalize mean(weight)=1 per month"
2026-04-17,1.03181854,4,4,0,0,11_20,"train(2024-2025): mean(SALES_AMT|month,dow,is_holiday,dom_bucket)/mean(SALES_AMT|month); apply 2026 official HK holidays; normalize mean(weight)=1 per month"
2026-04-18,1.211867482,4,5,1,0,11_20,"train(2024-2025): mean(SALES_AMT|month,dow,is_holiday,dom_bucket)/mean(SALES_AMT|month); apply 2026 official HK holidays; normalize mean(weight)=1 per month"
2026-04-19,1.16711418,4,6,1,0,11_20,"train(2024-2025): mean(SALES_AMT|month,dow,is_holiday,dom_bucket)/mean(SALES_AMT|month); apply 2026 official HK holidays; normalize mean(weight)=1 per month"
2026-04-20,0.972734298,4,0,0,0,11_20,"train(2024-2025): mean(SALES_AMT|month,dow,is_holiday,dom_bucket)/mean(SALES_AMT|month); apply 2026 official HK holidays; normalize mean(weight)=1 per month"
2026-04-21,0.809199072,4,1,0,0,21_EOM,"train(2024-2025): mean(SALES_AMT|month,dow,is_holiday,dom_bucket)/mean(SALES_AMT|month); apply 2026 official HK holidays; normalize mean(weight)=1 per month"
2026-04-22,0.801600592,4,2,0,0,21_EOM,"train(2024-2025): mean(SALES_AMT|month,dow,is_holiday,dom_bucket)/mean(SALES_AMT|month); apply 2026 official HK holidays; normalize mean(weight)=1 per month"
2026-04-23,1.103811419,4,3,0,0,21_EOM,"train(2024-2025): mean(SALES_AMT|month,dow,is_holiday,dom_bucket)/mean(SALES_AMT|month); apply 2026 official HK holidays; normalize mean(weight)=1 per month"
2026-04-24,0.816543632,4,4,0,0,21_EOM,"train(2024-2025): mean(SALES_AMT|month,dow,is_holiday,dom_bucket)/mean(SALES_AMT|month); apply 2026 official HK holidays; normalize mean(weight)=1 per month"
2026-04-25,1.047708313,4,5,1,0,21_EOM,"train(2024-2025): mean(SALES_AMT|month,dow,is_holiday,dom_bucket)/mean(SALES_AMT|month); apply 2026 official HK holidays; normalize mean(weight)=1 per month"
2026-04-26,1.08750225,4,6,1,0,21_EOM,"train(2024-2025): mean(SALES_AMT|month,dow,is_holiday,dom_bucket)/mean(SALES_AMT|month); apply 2026 official HK holidays; normalize mean(weight)=1 per month"
2026-04-27,0.842051387,4,0,0,0,21_EOM,"train(2024-2025): mean(SALES_AMT|month,dow,is_holiday,dom_bucket)/mean(SALES_AMT|month); apply 2026 official HK holidays; normalize mean(weight)=1 per month"
2026-04-28,0.809199072,4,1,0,0,21_EOM,"train(2024-2025): mean(SALES_AMT|month,dow,is_holiday,dom_bucket)/mean(SALES_AMT|month); apply 2026 official HK holidays; normalize mean(weight)=1 per month"
2026-04-29,0.801600592,4,2,0,0,21_EOM,"train(2024-2025): mean(SALES_AMT|month,dow,is_holiday,dom_bucket)/mean(SALES_AMT|month); apply 2026 official HK holidays; normalize mean(weight)=1 per month"
2026-04-30,1.103811419,4,3,0,0,21_EOM,"train(2024-2025): mean(SALES_AMT|month,dow,is_holiday,dom_bucket)/mean(SALES_AMT|month); apply 2026 official HK holidays; normalize mean(weight)=1 per month"
2026-05-01,1.352826305,5,4,0,1,1_10,"train(2024-2025): mean(SALES_AMT|month,dow,is_holiday,dom_bucket)/mean(SALES_AMT|month); apply 2026 official HK holidays; normalize mean(weight)=1 per month"
2026-05-02,1.40785876,5,5,1,0,1_10,"train(2024-2025): mean(SALES_AMT|month,dow,is_holiday,dom_bucket)/mean(SALES_AMT|month); apply 2026 official HK holidays; normalize mean(weight)=1 per month"
2026-05-03,1.3472651,5,6,1,0,1_10,"train(2024-2025): mean(SALES_AMT|month,dow,is_holiday,dom_bucket)/mean(SALES_AMT|month); apply 2026 official HK holidays; normalize mean(weight)=1 per month"
2026-05-04,0.796199747,5,0,0,0,1_10,"train(2024-2025): mean(SALES_AMT|month,dow,is_holiday,dom_bucket)/mean(SALES_AMT|month); apply 2026 official HK holidays; normalize mean(weight)=1 per month"
2026-05-05,0.868681223,5,1,0,0,1_10,"train(2024-2025): mean(SALES_AMT|month,dow,is_holiday,dom_bucket)/mean(SALES_AMT|month); apply 2026 official HK holidays; normalize mean(weight)=1 per month"
2026-05-06,0.747946546,5,2,0,0,1_10,"train(2024-2025): mean(SALES_AMT|month,dow,is_holiday,dom_bucket)/mean(SALES_AMT|month); apply 2026 official HK holidays; normalize mean(weight)=1 per month"
2026-05-07,1.18967109,5,3,0,0,1_10,"train(2024-2025): mean(SALES_AMT|month,dow,is_holiday,dom_bucket)/mean(SALES_AMT|month); apply 2026 official HK holidays; normalize mean(weight)=1 per month"
2026-05-08,1.352826305,5,4,0,0,1_10,"train(2024-2025): mean(SALES_AMT|month,dow,is_holiday,dom_bucket)/mean(SALES_AMT|month); apply 2026 official HK holidays; normalize mean(weight)=1 per month"
2026-05-09,1.40785876,5,5,1,0,1_10,"train(2024-2025): mean(SALES_AMT|month,dow,is_holiday,dom_bucket)/mean(SALES_AMT|month); apply 2026 official HK holidays; normalize mean(weight)=1 per month"
2026-05-10,1.3472651,5,6,1,0,1_10,"train(2024-2025): mean(SALES_AMT|month,dow,is_holiday,dom_bucket)/mean(SALES_AMT|month); apply 2026 official HK holidays; normalize mean(weight)=1 per month"
2026-05-11,0.834896069,5,0,0,0,11_20,"train(2024-2025): mean(SALES_AMT|month,dow,is_holiday,dom_bucket)/mean(SALES_AMT|month); apply 2026 official HK holidays; normalize mean(weight)=1 per month"
2026-05-12,0.863888685,5,1,0,0,11_20,"train(2024-2025): mean(SALES_AMT|month,dow,is_holiday,dom_bucket)/mean(SALES_AMT|month); apply 2026 official HK holidays; normalize mean(weight)=1 per month"
2026-05-13,0.84534235,5,2,0,0,11_20,"train(2024-2025): mean(SALES_AMT|month,dow,is_holiday,dom_bucket)/mean(SALES_AMT|month); apply 2026 official HK holidays; normalize mean(weight)=1 per month"
2026-05-14,0.876941736,5,3,0,0,11_20,"train(2024-2025): mean(SALES_AMT|month,dow,is_holiday,dom_bucket)/mean(SALES_AMT|month); apply 2026 official HK holidays; normalize mean(weight)=1 per month"
2026-05-15,1.12166952,5,4,0,0,11_20,"train(2024-2025): mean(SALES_AMT|month,dow,is_holiday,dom_bucket)/mean(SALES_AMT|month); apply 2026 official HK holidays; normalize mean(weight)=1 per month"
2026-05-16,1.124516308,5,5,1,0,11_20,"train(2024-2025): mean(SALES_AMT|month,dow,is_holiday,dom_bucket)/mean(SALES_AMT|month); apply 2026 official HK holidays; normalize mean(weight)=1 per month"
2026-05-17,1.134200923,5,6,1,0,11_20,"train(2024-2025): mean(SALES_AMT|month,dow,is_holiday,dom_bucket)/mean(SALES_AMT|month); apply 2026 official HK holidays; normalize mean(weight)=1 per month"
2026-05-18,0.834896069,5,0,0,0,11_20,"train(2024-2025): mean(SALES_AMT|month,dow,is_holiday,dom_bucket)/mean(SALES_AMT|month); apply 2026 official HK holidays; normalize mean(weight)=1 per month"
2026-05-19,0.863888685,5,1,0,0,11_20,"train(2024-2025): mean(SALES_AMT|month,dow,is_holiday,dom_bucket)/mean(SALES_AMT|month); apply 2026 official HK holidays; normalize mean(weight)=1 per month"
2026-05-20,0.84534235,5,2,0,0,11_20,"train(2024-2025): mean(SALES_AMT|month,dow,is_holiday,dom_bucket)/mean(SALES_AMT|month); apply 2026 official HK holidays; normalize mean(weight)=1 per month"
2026-05-21,0.776390465,5,3,0,0,21_EOM,"train(2024-2025): mean(SALES_AMT|month,dow,is_holiday,dom_bucket)/mean(SALES_AMT|month); apply 2026 official HK holidays; normalize mean(weight)=1 per month"
2026-05-22,0.752788974,5,4,0,0,21_EOM,"train(2024-2025): mean(SALES_AMT|month,dow,is_holiday,dom_bucket)/mean(SALES_AMT|month); apply 2026 official HK holidays; normalize mean(weight)=1 per month"
2026-05-23,1.076112064,5,5,1,0,21_EOM,"train(2024-2025): mean(SALES_AMT|month,dow,is_holiday,dom_bucket)/mean(SALES_AMT|month); apply 2026 official HK holidays; normalize mean(weight)=1 per month"
2026-05-24,1.082626372,5,6,1,0,21_EOM,"train(2024-2025): mean(SALES_AMT|month,dow,is_holiday,dom_bucket)/mean(SALES_AMT|month); apply 2026 official HK holidays; normalize mean(weight)=1 per month"
2026-05-25,0.763975791,5,0,0,1,21_EOM,"train(2024-2025): mean(SALES_AMT|month,dow,is_holiday,dom_bucket)/mean(SALES_AMT|month); apply 2026 official HK holidays; normalize mean(weight)=1 per month"
2026-05-26,0.823993435,5,1,0,0,21_EOM,"train(2024-2025): mean(SALES_AMT|month,dow,is_holiday,dom_bucket)/mean(SALES_AMT|month); apply 2026 official HK holidays; normalize mean(weight)=1 per month"
2026-05-27,0.872213395,5,2,0,0,21_EOM,"train(2024-2025): mean(SALES_AMT|month,dow,is_holiday,dom_bucket)/mean(SALES_AMT|month); apply 2026 official HK holidays; normalize mean(weight)=1 per month"
2026-05-28,0.776390465,5,3,0,0,21_EOM,"train(2024-2025): mean(SALES_AMT|month,dow,is_holiday,dom_bucket)/mean(SALES_AMT|month); apply 2026 official HK holidays; normalize mean(weight)=1 per month"
2026-05-29,0.752788974,5,4,0,0,21_EOM,"train(2024-2025): mean(SALES_AMT|month,dow,is_holiday,dom_bucket)/mean(SALES_AMT|month); apply 2026 official HK holidays; normalize mean(weight)=1 per month"
2026-05-30,1.076112064,5,5,1,0,21_EOM,"train(2024-2025): mean(SALES_AMT|month,dow,is_holiday,dom_bucket)/mean(SALES_AMT|month); apply 2026 official HK holidays; normalize mean(weight)=1 per month"
2026-05-31,1.082626372,5,6,1,0,21_EOM,"train(2024-2025): mean(SALES_AMT|month,dow,is_holiday,dom_bucket)/mean(SALES_AMT|month); apply 2026 official HK holidays; normalize mean(weight)=1 per month"
2026-06-01,0.822436987,6,0,0,0,1_10,"train(2024-2025): mean(SALES_AMT|month,dow,is_holiday,dom_bucket)/mean(SALES_AMT|month); apply 2026 official HK holidays; normalize mean(weight)=1 per month"
2026-06-02,0.787194766,6,1,0,0,1_10,"train(2024-2025): mean(SALES_AMT|month,dow,is_holiday,dom_bucket)/mean(SALES_AMT|month); apply 2026 official HK holidays; normalize mean(weight)=1 per month"
2026-06-03,0.775978627,6,2,0,0,1_10,"train(2024-2025): mean(SALES_AMT|month,dow,is_holiday,dom_bucket)/mean(SALES_AMT|month); apply 2026 official HK holidays; normalize mean(weight)=1 per month"
2026-06-04,0.895768981,6,3,0,0,1_10,"train(2024-2025): mean(SALES_AMT|month,dow,is_holiday,dom_bucket)/mean(SALES_AMT|month); apply 2026 official HK holidays; normalize mean(weight)=1 per month"
2026-06-05,0.903165013,6,4,0,0,1_10,"train(2024-2025): mean(SALES_AMT|month,dow,is_holiday,dom_bucket)/mean(SALES_AMT|month); apply 2026 official HK holidays; normalize mean(weight)=1 per month"
2026-06-06,1.360451064,6,5,1,0,1_10,"train(2024-2025): mean(SALES_AMT|month,dow,is_holiday,dom_bucket)/mean(SALES_AMT|month); apply 2026 official HK holidays; normalize mean(weight)=1 per month"
2026-06-07,1.312457972,6,6,1,0,1_10,"train(2024-2025): mean(SALES_AMT|month,dow,is_holiday,dom_bucket)/mean(SALES_AMT|month); apply 2026 official HK holidays; normalize mean(weight)=1 per month"
2026-06-08,0.822436987,6,0,0,0,1_10,"train(2024-2025): mean(SALES_AMT|month,dow,is_holiday,dom_bucket)/mean(SALES_AMT|month); apply 2026 official HK holidays; normalize mean(weight)=1 per month"
2026-06-09,0.787194766,6,1,0,0,1_10,"train(2024-2025): mean(SALES_AMT|month,dow,is_holiday,dom_bucket)/mean(SALES_AMT|month); apply 2026 official HK holidays; normalize mean(weight)=1 per month"
2026-06-10,0.775978627,6,2,0,0,1_10,"train(2024-2025): mean(SALES_AMT|month,dow,is_holiday,dom_bucket)/mean(SALES_AMT|month); apply 2026 official HK holidays; normalize mean(weight)=1 per month"
2026-06-11,1.033216965,6,3,0,0,11_20,"train(2024-2025): mean(SALES_AMT|month,dow,is_holiday,dom_bucket)/mean(SALES_AMT|month); apply 2026 official HK holidays; normalize mean(weight)=1 per month"
2026-06-12,0.89843561,6,4,0,0,11_20,"train(2024-2025): mean(SALES_AMT|month,dow,is_holiday,dom_bucket)/mean(SALES_AMT|month); apply 2026 official HK holidays; normalize mean(weight)=1 per month"
2026-06-13,1.037301014,6,5,1,0,11_20,"train(2024-2025): mean(SALES_AMT|month,dow,is_holiday,dom_bucket)/mean(SALES_AMT|month); apply 2026 official HK holidays; normalize mean(weight)=1 per month"
2026-06-14,1.167262821,6,6,1,0,11_20,"train(2024-2025): mean(SALES_AMT|month,dow,is_holiday,dom_bucket)/mean(SALES_AMT|month); apply 2026 official HK holidays; normalize mean(weight)=1 per month"
2026-06-15,0.95282238,6,0,0,0,11_20,"train(2024-2025): mean(SALES_AMT|month,dow,is_holiday,dom_bucket)/mean(SALES_AMT|month); apply 2026 official HK holidays; normalize mean(weight)=1 per month"
2026-06-16,0.943495323,6,1,0,0,11_20,"train(2024-2025): mean(SALES_AMT|month,dow,is_holiday,dom_bucket)/mean(SALES_AMT|month); apply 2026 official HK holidays; normalize mean(weight)=1 per month"
2026-06-17,0.958318264,6,2,0,0,11_20,"train(2024-2025): mean(SALES_AMT|month,dow,is_holiday,dom_bucket)/mean(SALES_AMT|month); apply 2026 official HK holidays; normalize mean(weight)=1 per month"
2026-06-18,1.033216965,6,3,0,0,11_20,"train(2024-2025): mean(SALES_AMT|month,dow,is_holiday,dom_bucket)/mean(SALES_AMT|month); apply 2026 official HK holidays; normalize mean(weight)=1 per month"
2026-06-19,0.89843561,6,4,0,1,11_20,"train(2024-2025): mean(SALES_AMT|month,dow,is_holiday,dom_bucket)/mean(SALES_AMT|month); apply 2026 official HK holidays; normalize mean(weight)=1 per month"
2026-06-20,1.037301014,6,5,1,0,11_20,"train(2024-2025): mean(SALES_AMT|month,dow,is_holiday,dom_bucket)/mean(SALES_AMT|month); apply 2026 official HK holidays; normalize mean(weight)=1 per month"
2026-06-21,1.252195747,6,6,1,0,21_EOM,"train(2024-2025): mean(SALES_AMT|month,dow,is_holiday,dom_bucket)/mean(SALES_AMT|month); apply 2026 official HK holidays; normalize mean(weight)=1 per month"
2026-06-22,1.039054434,6,0,0,0,21_EOM,"train(2024-2025): mean(SALES_AMT|month,dow,is_holiday,dom_bucket)/mean(SALES_AMT|month); apply 2026 official HK holidays; normalize mean(weight)=1 per month"
2026-06-23,1.006847825,6,1,0,0,21_EOM,"train(2024-2025): mean(SALES_AMT|month,dow,is_holiday,dom_bucket)/mean(SALES_AMT|month); apply 2026 official HK holidays; normalize mean(weight)=1 per month"
2026-06-24,0.945861216,6,2,0,0,21_EOM,"train(2024-2025): mean(SALES_AMT|month,dow,is_holiday,dom_bucket)/mean(SALES_AMT|month); apply 2026 official HK holidays; normalize mean(weight)=1 per month"
2026-06-25,1.061145748,6,3,0,0,21_EOM,"train(2024-2025): mean(SALES_AMT|month,dow,is_holiday,dom_bucket)/mean(SALES_AMT|month); apply 2026 official HK holidays; normalize mean(weight)=1 per month"
2026-06-26,0.954656316,6,4,0,0,21_EOM,"train(2024-2025): mean(SALES_AMT|month,dow,is_holiday,dom_bucket)/mean(SALES_AMT|month); apply 2026 official HK holidays; normalize mean(weight)=1 per month"
2026-06-27,1.239270956,6,5,1,0,21_EOM,"train(2024-2025): mean(SALES_AMT|month,dow,is_holiday,dom_bucket)/mean(SALES_AMT|month); apply 2026 official HK holidays; normalize mean(weight)=1 per month"
2026-06-28,1.252195747,6,6,1,0,21_EOM,"train(2024-2025): mean(SALES_AMT|month,dow,is_holiday,dom_bucket)/mean(SALES_AMT|month); apply 2026 official HK holidays; normalize mean(weight)=1 per month"
2026-06-29,1.039054434,6,0,0,0,21_EOM,"train(2024-2025): mean(SALES_AMT|month,dow,is_holiday,dom_bucket)/mean(SALES_AMT|month); apply 2026 official HK holidays; normalize mean(weight)=1 per month"
2026-06-30,1.006847825,6,1,0,0,21_EOM,"train(2024-2025): mean(SALES_AMT|month,dow,is_holiday,dom_bucket)/mean(SALES_AMT|month); apply 2026 official HK holidays; normalize mean(weight)=1 per month"
2026-07-01,0.902643109,7,2,0,1,1_10,"train(2024-2025): mean(SALES_AMT|month,dow,is_holiday,dom_bucket)/mean(SALES_AMT|month); apply 2026 official HK holidays; normalize mean(weight)=1 per month"
2026-07-02,0.833760116,7,3,0,0,1_10,"train(2024-2025): mean(SALES_AMT|month,dow,is_holiday,dom_bucket)/mean(SALES_AMT|month); apply 2026 official HK holidays; normalize mean(weight)=1 per month"
2026-07-03,0.878604131,7,4,0,0,1_10,"train(2024-2025): mean(SALES_AMT|month,dow,is_holiday,dom_bucket)/mean(SALES_AMT|month); apply 2026 official HK holidays; normalize mean(weight)=1 per month"
2026-07-04,1.045174121,7,5,1,0,1_10,"train(2024-2025): mean(SALES_AMT|month,dow,is_holiday,dom_bucket)/mean(SALES_AMT|month); apply 2026 official HK holidays; normalize mean(weight)=1 per month"
2026-07-05,1.273082191,7,6,1,0,1_10,"train(2024-2025): mean(SALES_AMT|month,dow,is_holiday,dom_bucket)/mean(SALES_AMT|month); apply 2026 official HK holidays; normalize mean(weight)=1 per month"
2026-07-06,0.965403894,7,0,0,0,1_10,"train(2024-2025): mean(SALES_AMT|month,dow,is_holiday,dom_bucket)/mean(SALES_AMT|month); apply 2026 official HK holidays; normalize mean(weight)=1 per month"
2026-07-07,0.934936503,7,1,0,0,1_10,"train(2024-2025): mean(SALES_AMT|month,dow,is_holiday,dom_bucket)/mean(SALES_AMT|month); apply 2026 official HK holidays; normalize mean(weight)=1 per month"
2026-07-08,0.902643109,7,2,0,0,1_10,"train(2024-2025): mean(SALES_AMT|month,dow,is_holiday,dom_bucket)/mean(SALES_AMT|month); apply 2026 official HK holidays; normalize mean(weight)=1 per month"
2026-07-09,0.833760116,7,3,0,0,1_10,"train(2024-2025): mean(SALES_AMT|month,dow,is_holiday,dom_bucket)/mean(SALES_AMT|month); apply 2026 official HK holidays; normalize mean(weight)=1 per month"
2026-07-10,0.878604131,7,4,0,0,1_10,"train(2024-2025): mean(SALES_AMT|month,dow,is_holiday,dom_bucket)/mean(SALES_AMT|month); apply 2026 official HK holidays; normalize mean(weight)=1 per month"
2026-07-11,1.105282063,7,5,1,0,11_20,"train(2024-2025): mean(SALES_AMT|month,dow,is_holiday,dom_bucket)/mean(SALES_AMT|month); apply 2026 official HK holidays; normalize mean(weight)=1 per month"
2026-07-12,1.201857786,7,6,1,0,11_20,"train(2024-2025): mean(SALES_AMT|month,dow,is_holiday,dom_bucket)/mean(SALES_AMT|month); apply 2026 official HK holidays; normalize mean(weight)=1 per month"
2026-07-13,0.974083077,7,0,0,0,11_20,"train(2024-2025): mean(SALES_AMT|month,dow,is_holiday,dom_bucket)/mean(SALES_AMT|month); apply 2026 official HK holidays; normalize mean(weight)=1 per month"
2026-07-14,0.945816556,7,1,0,0,11_20,"train(2024-2025): mean(SALES_AMT|month,dow,is_holiday,dom_bucket)/mean(SALES_AMT|month); apply 2026 official HK holidays; normalize mean(weight)=1 per month"
2026-07-15,0.97262993,7,2,0,0,11_20,"train(2024-2025): mean(SALES_AMT|month,dow,is_holiday,dom_bucket)/mean(SALES_AMT|month); apply 2026 official HK holidays; normalize mean(weight)=1 per month"
2026-07-16,0.998248888,7,3,0,0,11_20,"train(2024-2025): mean(SALES_AMT|month,dow,is_holiday,dom_bucket)/mean(SALES_AMT|month); apply 2026 official HK holidays; normalize mean(weight)=1 per month"
2026-07-17,0.946947143,7,4,0,0,11_20,"train(2024-2025): mean(SALES_AMT|month,dow,is_holiday,dom_bucket)/mean(SALES_AMT|month); apply 2026 official HK holidays; normalize mean(weight)=1 per month"
2026-07-18,1.105282063,7,5,1,0,11_20,"train(2024-2025): mean(SALES_AMT|month,dow,is_holiday,dom_bucket)/mean(SALES_AMT|month); apply 2026 official HK holidays; normalize mean(weight)=1 per month"
2026-07-19,1.201857786,7,6,1,0,11_20,"train(2024-2025): mean(SALES_AMT|month,dow,is_holiday,dom_bucket)/mean(SALES_AMT|month); apply 2026 official HK holidays; normalize mean(weight)=1 per month"
2026-07-20,0.974083077,7,0,0,0,11_20,"train(2024-2025): mean(SALES_AMT|month,dow,is_holiday,dom_bucket)/mean(SALES_AMT|month); apply 2026 official HK holidays; normalize mean(weight)=1 per month"
2026-07-21,0.964148748,7,1,0,0,21_EOM,"train(2024-2025): mean(SALES_AMT|month,dow,is_holiday,dom_bucket)/mean(SALES_AMT|month); apply 2026 official HK holidays; normalize mean(weight)=1 per month"
2026-07-22,0.936213762,7,2,0,0,21_EOM,"train(2024-2025): mean(SALES_AMT|month,dow,is_holiday,dom_bucket)/mean(SALES_AMT|month); apply 2026 official HK holidays; normalize mean(weight)=1 per month"
2026-07-23,1.020791972,7,3,0,0,21_EOM,"train(2024-2025): mean(SALES_AMT|month,dow,is_holiday,dom_bucket)/mean(SALES_AMT|month); apply 2026 official HK holidays; normalize mean(weight)=1 per month"
2026-07-24,0.935761963,7,4,0,0,21_EOM,"train(2024-2025): mean(SALES_AMT|month,dow,is_holiday,dom_bucket)/mean(SALES_AMT|month); apply 2026 official HK holidays; normalize mean(weight)=1 per month"
2026-07-25,1.147392086,7,5,1,0,21_EOM,"train(2024-2025): mean(SALES_AMT|month,dow,is_holiday,dom_bucket)/mean(SALES_AMT|month); apply 2026 official HK holidays; normalize mean(weight)=1 per month"
2026-07-26,1.270008887,7,6,1,0,21_EOM,"train(2024-2025): mean(SALES_AMT|month,dow,is_holiday,dom_bucket)/mean(SALES_AMT|month); apply 2026 official HK holidays; normalize mean(weight)=1 per month"
2026-07-27,0.994066347,7,0,0,0,21_EOM,"train(2024-2025): mean(SALES_AMT|month,dow,is_holiday,dom_bucket)/mean(SALES_AMT|month); apply 2026 official HK holidays; normalize mean(weight)=1 per month"
2026-07-28,0.964148748,7,1,0,0,21_EOM,"train(2024-2025): mean(SALES_AMT|month,dow,is_holiday,dom_bucket)/mean(SALES_AMT|month); apply 2026 official HK holidays; normalize mean(weight)=1 per month"
2026-07-29,0.936213762,7,2,0,0,21_EOM,"train(2024-2025): mean(SALES_AMT|month,dow,is_holiday,dom_bucket)/mean(SALES_AMT|month); apply 2026 official HK holidays; normalize mean(weight)=1 per month"
2026-07-30,1.020791972,7,3,0,0,21_EOM,"train(2024-2025): mean(SALES_AMT|month,dow,is_holiday,dom_bucket)/mean(SALES_AMT|month); apply 2026 official HK holidays; normalize mean(weight)=1 per month"
2026-07-31,0.935761963,7,4,0,0,21_EOM,"train(2024-2025): mean(SALES_AMT|month,dow,is_holiday,dom_bucket)/mean(SALES_AMT|month); apply 2026 official HK holidays; normalize mean(weight)=1 per month"
2026-08-01,1.109181369,8,5,1,0,1_10,"train(2024-2025): mean(SALES_AMT|month,dow,is_holiday,dom_bucket)/mean(SALES_AMT|month); apply 2026 official HK holidays; normalize mean(weight)=1 per month"
2026-08-02,1.261810257,8,6,1,0,1_10,"train(2024-2025): mean(SALES_AMT|month,dow,is_holiday,dom_bucket)/mean(SALES_AMT|month); apply 2026 official HK holidays; normalize mean(weight)=1 per month"
2026-08-03,0.921225414,8,0,0,0,1_10,"train(2024-2025): mean(SALES_AMT|month,dow,is_holiday,dom_bucket)/mean(SALES_AMT|month); apply 2026 official HK holidays; normalize mean(weight)=1 per month"
2026-08-04,0.657651147,8,1,0,0,1_10,"train(2024-2025): mean(SALES_AMT|month,dow,is_holiday,dom_bucket)/mean(SALES_AMT|month); apply 2026 official HK holidays; normalize mean(weight)=1 per month"
2026-08-05,1.010716399,8,2,0,0,1_10,"train(2024-2025): mean(SALES_AMT|month,dow,is_holiday,dom_bucket)/mean(SALES_AMT|month); apply 2026 official HK holidays; normalize mean(weight)=1 per month"
2026-08-06,1.011595052,8,3,0,0,1_10,"train(2024-2025): mean(SALES_AMT|month,dow,is_holiday,dom_bucket)/mean(SALES_AMT|month); apply 2026 official HK holidays; normalize mean(weight)=1 per month"
2026-08-07,0.958193025,8,4,0,0,1_10,"train(2024-2025): mean(SALES_AMT|month,dow,is_holiday,dom_bucket)/mean(SALES_AMT|month); apply 2026 official HK holidays; normalize mean(weight)=1 per month"
2026-08-08,1.109181369,8,5,1,0,1_10,"train(2024-2025): mean(SALES_AMT|month,dow,is_holiday,dom_bucket)/mean(SALES_AMT|month); apply 2026 official HK holidays; normalize mean(weight)=1 per month"
2026-08-09,1.261810257,8,6,1,0,1_10,"train(2024-2025): mean(SALES_AMT|month,dow,is_holiday,dom_bucket)/mean(SALES_AMT|month); apply 2026 official HK holidays; normalize mean(weight)=1 per month"
2026-08-10,0.921225414,8,0,0,0,1_10,"train(2024-2025): mean(SALES_AMT|month,dow,is_holiday,dom_bucket)/mean(SALES_AMT|month); apply 2026 official HK holidays; normalize mean(weight)=1 per month"
2026-08-11,0.94783955,8,1,0,0,11_20,"train(2024-2025): mean(SALES_AMT|month,dow,is_holiday,dom_bucket)/mean(SALES_AMT|month); apply 2026 official HK holidays; normalize mean(weight)=1 per month"
2026-08-12,0.980964961,8,2,0,0,11_20,"train(2024-2025): mean(SALES_AMT|month,dow,is_holiday,dom_bucket)/mean(SALES_AMT|month); apply 2026 official HK holidays; normalize mean(weight)=1 per month"
2026-08-13,0.864795949,8,3,0,0,11_20,"train(2024-2025): mean(SALES_AMT|month,dow,is_holiday,dom_bucket)/mean(SALES_AMT|month); apply 2026 official HK holidays; normalize mean(weight)=1 per month"
2026-08-14,0.896001099,8,4,0,0,11_20,"train(2024-2025): mean(SALES_AMT|month,dow,is_holiday,dom_bucket)/mean(SALES_AMT|month); apply 2026 official HK holidays; normalize mean(weight)=1 per month"
2026-08-15,1.030398819,8,5,1,0,11_20,"train(2024-2025): mean(SALES_AMT|month,dow,is_holiday,dom_bucket)/mean(SALES_AMT|month); apply 2026 official HK holidays; normalize mean(weight)=1 per month"
2026-08-16,1.173723699,8,6,1,0,11_20,"train(2024-2025): mean(SALES_AMT|month,dow,is_holiday,dom_bucket)/mean(SALES_AMT|month); apply 2026 official HK holidays; normalize mean(weight)=1 per month"
2026-08-17,0.99425105,8,0,0,0,11_20,"train(2024-2025): mean(SALES_AMT|month,dow,is_holiday,dom_bucket)/mean(SALES_AMT|month); apply 2026 official HK holidays; normalize mean(weight)=1 per month"
2026-08-18,0.94783955,8,1,0,0,11_20,"train(2024-2025): mean(SALES_AMT|month,dow,is_holiday,dom_bucket)/mean(SALES_AMT|month); apply 2026 official HK holidays; normalize mean(weight)=1 per month"
2026-08-19,0.980964961,8,2,0,0,11_20,"train(2024-2025): mean(SALES_AMT|month,dow,is_holiday,dom_bucket)/mean(SALES_AMT|month); apply 2026 official HK holidays; normalize mean(weight)=1 per month"
2026-08-20,0.864795949,8,3,0,0,11_20,"train(2024-2025): mean(SALES_AMT|month,dow,is_holiday,dom_bucket)/mean(SALES_AMT|month); apply 2026 official HK holidays; normalize mean(weight)=1 per month"
2026-08-21,1.111736809,8,4,0,0,21_EOM,"train(2024-2025): mean(SALES_AMT|month,dow,is_holiday,dom_bucket)/mean(SALES_AMT|month); apply 2026 official HK holidays; normalize mean(weight)=1 per month"
2026-08-22,1.001785972,8,5,1,0,21_EOM,"train(2024-2025): mean(SALES_AMT|month,dow,is_holiday,dom_bucket)/mean(SALES_AMT|month); apply 2026 official HK holidays; normalize mean(weight)=1 per month"
2026-08-23,1.111635703,8,6,1,0,21_EOM,"train(2024-2025): mean(SALES_AMT|month,dow,is_holiday,dom_bucket)/mean(SALES_AMT|month); apply 2026 official HK holidays; normalize mean(weight)=1 per month"
2026-08-24,0.987862289,8,0,0,0,21_EOM,"train(2024-2025): mean(SALES_AMT|month,dow,is_holiday,dom_bucket)/mean(SALES_AMT|month); apply 2026 official HK holidays; normalize mean(weight)=1 per month"
2026-08-25,0.888616014,8,1,0,0,21_EOM,"train(2024-2025): mean(SALES_AMT|month,dow,is_holiday,dom_bucket)/mean(SALES_AMT|month); apply 2026 official HK holidays; normalize mean(weight)=1 per month"
2026-08-26,0.858356587,8,2,0,0,21_EOM,"train(2024-2025): mean(SALES_AMT|month,dow,is_holiday,dom_bucket)/mean(SALES_AMT|month); apply 2026 official HK holidays; normalize mean(weight)=1 per month"
2026-08-27,0.922820561,8,3,0,0,21_EOM,"train(2024-2025): mean(SALES_AMT|month,dow,is_holiday,dom_bucket)/mean(SALES_AMT|month); apply 2026 official HK holidays; normalize mean(weight)=1 per month"
2026-08-28,1.111736809,8,4,0,0,21_EOM,"train(2024-2025): mean(SALES_AMT|month,dow,is_holiday,dom_bucket)/mean(SALES_AMT|month); apply 2026 official HK holidays; normalize mean(weight)=1 per month"
2026-08-29,1.001785972,8,5,1,0,21_EOM,"train(2024-2025): mean(SALES_AMT|month,dow,is_holiday,dom_bucket)/mean(SALES_AMT|month); apply 2026 official HK holidays; normalize mean(weight)=1 per month"
2026-08-30,1.111635703,8,6,1,0,21_EOM,"train(2024-2025): mean(SALES_AMT|month,dow,is_holiday,dom_bucket)/mean(SALES_AMT|month); apply 2026 official HK holidays; normalize mean(weight)=1 per month"
2026-08-31,0.987862289,8,0,0,0,21_EOM,"train(2024-2025): mean(SALES_AMT|month,dow,is_holiday,dom_bucket)/mean(SALES_AMT|month); apply 2026 official HK holidays; normalize mean(weight)=1 per month"
2026-09-01,0.863990207,9,1,0,0,1_10,"train(2024-2025): mean(SALES_AMT|month,dow,is_holiday,dom_bucket)/mean(SALES_AMT|month); apply 2026 official HK holidays; normalize mean(weight)=1 per month"
2026-09-02,0.862794738,9,2,0,0,1_10,"train(2024-2025): mean(SALES_AMT|month,dow,is_holiday,dom_bucket)/mean(SALES_AMT|month); apply 2026 official HK holidays; normalize mean(weight)=1 per month"
2026-09-03,0.701661673,9,3,0,0,1_10,"train(2024-2025): mean(SALES_AMT|month,dow,is_holiday,dom_bucket)/mean(SALES_AMT|month); apply 2026 official HK holidays; normalize mean(weight)=1 per month"
2026-09-04,0.749764363,9,4,0,0,1_10,"train(2024-2025): mean(SALES_AMT|month,dow,is_holiday,dom_bucket)/mean(SALES_AMT|month); apply 2026 official HK holidays; normalize mean(weight)=1 per month"
2026-09-05,1.107988878,9,5,1,0,1_10,"train(2024-2025): mean(SALES_AMT|month,dow,is_holiday,dom_bucket)/mean(SALES_AMT|month); apply 2026 official HK holidays; normalize mean(weight)=1 per month"
2026-09-06,1.170201907,9,6,1,0,1_10,"train(2024-2025): mean(SALES_AMT|month,dow,is_holiday,dom_bucket)/mean(SALES_AMT|month); apply 2026 official HK holidays; normalize mean(weight)=1 per month"
2026-09-07,0.774539163,9,0,0,0,1_10,"train(2024-2025): mean(SALES_AMT|month,dow,is_holiday,dom_bucket)/mean(SALES_AMT|month); apply 2026 official HK holidays; normalize mean(weight)=1 per month"
2026-09-08,0.863990207,9,1,0,0,1_10,"train(2024-2025): mean(SALES_AMT|month,dow,is_holiday,dom_bucket)/mean(SALES_AMT|month); apply 2026 official HK holidays; normalize mean(weight)=1 per month"
2026-09-09,0.862794738,9,2,0,0,1_10,"train(2024-2025): mean(SALES_AMT|month,dow,is_holiday,dom_bucket)/mean(SALES_AMT|month); apply 2026 official HK holidays; normalize mean(weight)=1 per month"
2026-09-10,0.701661673,9,3,0,0,1_10,"train(2024-2025): mean(SALES_AMT|month,dow,is_holiday,dom_bucket)/mean(SALES_AMT|month); apply 2026 official HK holidays; normalize mean(weight)=1 per month"
2026-09-11,1.119894693,9,4,0,0,11_20,"train(2024-2025): mean(SALES_AMT|month,dow,is_holiday,dom_bucket)/mean(SALES_AMT|month); apply 2026 official HK holidays; normalize mean(weight)=1 per month"
2026-09-12,1.515073032,9,5,1,0,11_20,"train(2024-2025): mean(SALES_AMT|month,dow,is_holiday,dom_bucket)/mean(SALES_AMT|month); apply 2026 official HK holidays; normalize mean(weight)=1 per month"
2026-09-13,1.307204768,9,6,1,0,11_20,"train(2024-2025): mean(SALES_AMT|month,dow,is_holiday,dom_bucket)/mean(SALES_AMT|month); apply 2026 official HK holidays; normalize mean(weight)=1 per month"
2026-09-14,1.050107801,9,0,0,0,11_20,"train(2024-2025): mean(SALES_AMT|month,dow,is_holiday,dom_bucket)/mean(SALES_AMT|month); apply 2026 official HK holidays; normalize mean(weight)=1 per month"
2026-09-15,0.930455512,9,1,0,0,11_20,"train(2024-2025): mean(SALES_AMT|month,dow,is_holiday,dom_bucket)/mean(SALES_AMT|month); apply 2026 official HK holidays; normalize mean(weight)=1 per month"
2026-09-16,1.035644851,9,2,0,0,11_20,"train(2024-2025): mean(SALES_AMT|month,dow,is_holiday,dom_bucket)/mean(SALES_AMT|month); apply 2026 official HK holidays; normalize mean(weight)=1 per month"
2026-09-17,1.007395258,9,3,0,0,11_20,"train(2024-2025): mean(SALES_AMT|month,dow,is_holiday,dom_bucket)/mean(SALES_AMT|month); apply 2026 official HK holidays; normalize mean(weight)=1 per month"
2026-09-18,1.119894693,9,4,0,0,11_20,"train(2024-2025): mean(SALES_AMT|month,dow,is_holiday,dom_bucket)/mean(SALES_AMT|month); apply 2026 official HK holidays; normalize mean(weight)=1 per month"
2026-09-19,1.515073032,9,5,1,0,11_20,"train(2024-2025): mean(SALES_AMT|month,dow,is_holiday,dom_bucket)/mean(SALES_AMT|month); apply 2026 official HK holidays; normalize mean(weight)=1 per month"
2026-09-20,1.307204768,9,6,1,0,11_20,"train(2024-2025): mean(SALES_AMT|month,dow,is_holiday,dom_bucket)/mean(SALES_AMT|month); apply 2026 official HK holidays; normalize mean(weight)=1 per month"
2026-09-21,1.022350391,9,0,0,0,21_EOM,"train(2024-2025): mean(SALES_AMT|month,dow,is_holiday,dom_bucket)/mean(SALES_AMT|month); apply 2026 official HK holidays; normalize mean(weight)=1 per month"
2026-09-22,0.623603363,9,1,0,0,21_EOM,"train(2024-2025): mean(SALES_AMT|month,dow,is_holiday,dom_bucket)/mean(SALES_AMT|month); apply 2026 official HK holidays; normalize mean(weight)=1 per month"
2026-09-23,0.92970496,9,2,0,0,21_EOM,"train(2024-2025): mean(SALES_AMT|month,dow,is_holiday,dom_bucket)/mean(SALES_AMT|month); apply 2026 official HK holidays; normalize mean(weight)=1 per month"
2026-09-24,0.88094734,9,3,0,0,21_EOM,"train(2024-2025): mean(SALES_AMT|month,dow,is_holiday,dom_bucket)/mean(SALES_AMT|month); apply 2026 official HK holidays; normalize mean(weight)=1 per month"
2026-09-25,0.86790229,9,4,0,0,21_EOM,"train(2024-2025): mean(SALES_AMT|month,dow,is_holiday,dom_bucket)/mean(SALES_AMT|month); apply 2026 official HK holidays; normalize mean(weight)=1 per month"
2026-09-26,1.100506959,9,5,1,1,21_EOM,"train(2024-2025): mean(SALES_AMT|month,dow,is_holiday,dom_bucket)/mean(SALES_AMT|month); apply 2026 official HK holidays; normalize mean(weight)=1 per month"
2026-09-27,1.431990029,9,6,1,0,21_EOM,"train(2024-2025): mean(SALES_AMT|month,dow,is_holiday,dom_bucket)/mean(SALES_AMT|month); apply 2026 official HK holidays; normalize mean(weight)=1 per month"
2026-09-28,1.022350391,9,0,0,0,21_EOM,"train(2024-2025): mean(SALES_AMT|month,dow,is_holiday,dom_bucket)/mean(SALES_AMT|month); apply 2026 official HK holidays; normalize mean(weight)=1 per month"
2026-09-29,0.623603363,9,1,0,0,21_EOM,"train(2024-2025): mean(SALES_AMT|month,dow,is_holiday,dom_bucket)/mean(SALES_AMT|month); apply 2026 official HK holidays; normalize mean(weight)=1 per month"
2026-09-30,0.92970496,9,2,0,0,21_EOM,"train(2024-2025): mean(SALES_AMT|month,dow,is_holiday,dom_bucket)/mean(SALES_AMT|month); apply 2026 official HK holidays; normalize mean(weight)=1 per month"
2026-10-01,1.088310207,10,3,0,1,1_10,"train(2024-2025): mean(SALES_AMT|month,dow,is_holiday,dom_bucket)/mean(SALES_AMT|month); apply 2026 official HK holidays; normalize mean(weight)=1 per month"
2026-10-02,1.229194679,10,4,0,0,1_10,"train(2024-2025): mean(SALES_AMT|month,dow,is_holiday,dom_bucket)/mean(SALES_AMT|month); apply 2026 official HK holidays; normalize mean(weight)=1 per month"
2026-10-03,1.726538774,10,5,1,0,1_10,"train(2024-2025): mean(SALES_AMT|month,dow,is_holiday,dom_bucket)/mean(SALES_AMT|month); apply 2026 official HK holidays; normalize mean(weight)=1 per month"
2026-10-04,1.316117085,10,6,1,0,1_10,"train(2024-2025): mean(SALES_AMT|month,dow,is_holiday,dom_bucket)/mean(SALES_AMT|month); apply 2026 official HK holidays; normalize mean(weight)=1 per month"
2026-10-05,0.847316452,10,0,0,0,1_10,"train(2024-2025): mean(SALES_AMT|month,dow,is_holiday,dom_bucket)/mean(SALES_AMT|month); apply 2026 official HK holidays; normalize mean(weight)=1 per month"
2026-10-06,0.711559811,10,1,0,0,1_10,"train(2024-2025): mean(SALES_AMT|month,dow,is_holiday,dom_bucket)/mean(SALES_AMT|month); apply 2026 official HK holidays; normalize mean(weight)=1 per month"
2026-10-07,1.045697972,10,2,0,0,1_10,"train(2024-2025): mean(SALES_AMT|month,dow,is_holiday,dom_bucket)/mean(SALES_AMT|month); apply 2026 official HK holidays; normalize mean(weight)=1 per month"
2026-10-08,1.088310207,10,3,0,0,1_10,"train(2024-2025): mean(SALES_AMT|month,dow,is_holiday,dom_bucket)/mean(SALES_AMT|month); apply 2026 official HK holidays; normalize mean(weight)=1 per month"
2026-10-09,1.229194679,10,4,0,0,1_10,"train(2024-2025): mean(SALES_AMT|month,dow,is_holiday,dom_bucket)/mean(SALES_AMT|month); apply 2026 official HK holidays; normalize mean(weight)=1 per month"
2026-10-10,1.726538774,10,5,1,0,1_10,"train(2024-2025): mean(SALES_AMT|month,dow,is_holiday,dom_bucket)/mean(SALES_AMT|month); apply 2026 official HK holidays; normalize mean(weight)=1 per month"
2026-10-11,1.012422611,10,6,1,0,11_20,"train(2024-2025): mean(SALES_AMT|month,dow,is_holiday,dom_bucket)/mean(SALES_AMT|month); apply 2026 official HK holidays; normalize mean(weight)=1 per month"
2026-10-12,0.779563942,10,0,0,0,11_20,"train(2024-2025): mean(SALES_AMT|month,dow,is_holiday,dom_bucket)/mean(SALES_AMT|month); apply 2026 official HK holidays; normalize mean(weight)=1 per month"
2026-10-13,0.757960734,10,1,0,0,11_20,"train(2024-2025): mean(SALES_AMT|month,dow,is_holiday,dom_bucket)/mean(SALES_AMT|month); apply 2026 official HK holidays; normalize mean(weight)=1 per month"
2026-10-14,0.778281297,10,2,0,0,11_20,"train(2024-2025): mean(SALES_AMT|month,dow,is_holiday,dom_bucket)/mean(SALES_AMT|month); apply 2026 official HK holidays; normalize mean(weight)=1 per month"
2026-10-15,0.771302365,10,3,0,0,11_20,"train(2024-2025): mean(SALES_AMT|month,dow,is_holiday,dom_bucket)/mean(SALES_AMT|month); apply 2026 official HK holidays; normalize mean(weight)=1 per month"
2026-10-16,0.716600354,10,4,0,0,11_20,"train(2024-2025): mean(SALES_AMT|month,dow,is_holiday,dom_bucket)/mean(SALES_AMT|month); apply 2026 official HK holidays; normalize mean(weight)=1 per month"
2026-10-17,0.946380173,10,5,1,0,11_20,"train(2024-2025): mean(SALES_AMT|month,dow,is_holiday,dom_bucket)/mean(SALES_AMT|month); apply 2026 official HK holidays; normalize mean(weight)=1 per month"
2026-10-18,1.012422611,10,6,1,0,11_20,"train(2024-2025): mean(SALES_AMT|month,dow,is_holiday,dom_bucket)/mean(SALES_AMT|month); apply 2026 official HK holidays; normalize mean(weight)=1 per month"
2026-10-19,0.779563942,10,0,0,1,11_20,"train(2024-2025): mean(SALES_AMT|month,dow,is_holiday,dom_bucket)/mean(SALES_AMT|month); apply 2026 official HK holidays; normalize mean(weight)=1 per month"
2026-10-20,0.757960734,10,1,0,0,11_20,"train(2024-2025): mean(SALES_AMT|month,dow,is_holiday,dom_bucket)/mean(SALES_AMT|month); apply 2026 official HK holidays; normalize mean(weight)=1 per month"
2026-10-21,0.889853333,10,2,0,0,21_EOM,"train(2024-2025): mean(SALES_AMT|month,dow,is_holiday,dom_bucket)/mean(SALES_AMT|month); apply 2026 official HK holidays; normalize mean(weight)=1 per month"
2026-10-22,0.99432985,10,3,0,0,21_EOM,"train(2024-2025): mean(SALES_AMT|month,dow,is_holiday,dom_bucket)/mean(SALES_AMT|month); apply 2026 official HK holidays; normalize mean(weight)=1 per month"
2026-10-23,0.905131705,10,4,0,0,21_EOM,"train(2024-2025): mean(SALES_AMT|month,dow,is_holiday,dom_bucket)/mean(SALES_AMT|month); apply 2026 official HK holidays; normalize mean(weight)=1 per month"
2026-10-24,1.126202002,10,5,1,0,21_EOM,"train(2024-2025): mean(SALES_AMT|month,dow,is_holiday,dom_bucket)/mean(SALES_AMT|month); apply 2026 official HK holidays; normalize mean(weight)=1 per month"
2026-10-25,1.147106034,10,6,1,0,21_EOM,"train(2024-2025): mean(SALES_AMT|month,dow,is_holiday,dom_bucket)/mean(SALES_AMT|month); apply 2026 official HK holidays; normalize mean(weight)=1 per month"
2026-10-26,0.820867285,10,0,0,0,21_EOM,"train(2024-2025): mean(SALES_AMT|month,dow,is_holiday,dom_bucket)/mean(SALES_AMT|month); apply 2026 official HK holidays; normalize mean(weight)=1 per month"
2026-10-27,0.879755498,10,1,0,0,21_EOM,"train(2024-2025): mean(SALES_AMT|month,dow,is_holiday,dom_bucket)/mean(SALES_AMT|month); apply 2026 official HK holidays; normalize mean(weight)=1 per month"
2026-10-28,0.889853333,10,2,0,0,21_EOM,"train(2024-2025): mean(SALES_AMT|month,dow,is_holiday,dom_bucket)/mean(SALES_AMT|month); apply 2026 official HK holidays; normalize mean(weight)=1 per month"
2026-10-29,0.99432985,10,3,0,0,21_EOM,"train(2024-2025): mean(SALES_AMT|month,dow,is_holiday,dom_bucket)/mean(SALES_AMT|month); apply 2026 official HK holidays; normalize mean(weight)=1 per month"
2026-10-30,0.905131705,10,4,0,0,21_EOM,"train(2024-2025): mean(SALES_AMT|month,dow,is_holiday,dom_bucket)/mean(SALES_AMT|month); apply 2026 official HK holidays; normalize mean(weight)=1 per month"
2026-10-31,1.126202002,10,5,1,0,21_EOM,"train(2024-2025): mean(SALES_AMT|month,dow,is_holiday,dom_bucket)/mean(SALES_AMT|month); apply 2026 official HK holidays; normalize mean(weight)=1 per month"
2026-11-01,1.114876469,11,6,1,0,1_10,"train(2024-2025): mean(SALES_AMT|month,dow,is_holiday,dom_bucket)/mean(SALES_AMT|month); apply 2026 official HK holidays; normalize mean(weight)=1 per month"
2026-11-02,0.86804484,11,0,0,0,1_10,"train(2024-2025): mean(SALES_AMT|month,dow,is_holiday,dom_bucket)/mean(SALES_AMT|month); apply 2026 official HK holidays; normalize mean(weight)=1 per month"
2026-11-03,0.84180234,11,1,0,0,1_10,"train(2024-2025): mean(SALES_AMT|month,dow,is_holiday,dom_bucket)/mean(SALES_AMT|month); apply 2026 official HK holidays; normalize mean(weight)=1 per month"
2026-11-04,0.752473184,11,2,0,0,1_10,"train(2024-2025): mean(SALES_AMT|month,dow,is_holiday,dom_bucket)/mean(SALES_AMT|month); apply 2026 official HK holidays; normalize mean(weight)=1 per month"
2026-11-05,0.884656462,11,3,0,0,1_10,"train(2024-2025): mean(SALES_AMT|month,dow,is_holiday,dom_bucket)/mean(SALES_AMT|month); apply 2026 official HK holidays; normalize mean(weight)=1 per month"
2026-11-06,0.827099933,11,4,0,0,1_10,"train(2024-2025): mean(SALES_AMT|month,dow,is_holiday,dom_bucket)/mean(SALES_AMT|month); apply 2026 official HK holidays; normalize mean(weight)=1 per month"
2026-11-07,1.127647838,11,5,1,0,1_10,"train(2024-2025): mean(SALES_AMT|month,dow,is_holiday,dom_bucket)/mean(SALES_AMT|month); apply 2026 official HK holidays; normalize mean(weight)=1 per month"
2026-11-08,1.114876469,11,6,1,0,1_10,"train(2024-2025): mean(SALES_AMT|month,dow,is_holiday,dom_bucket)/mean(SALES_AMT|month); apply 2026 official HK holidays; normalize mean(weight)=1 per month"
2026-11-09,0.86804484,11,0,0,0,1_10,"train(2024-2025): mean(SALES_AMT|month,dow,is_holiday,dom_bucket)/mean(SALES_AMT|month); apply 2026 official HK holidays; normalize mean(weight)=1 per month"
2026-11-10,0.84180234,11,1,0,0,1_10,"train(2024-2025): mean(SALES_AMT|month,dow,is_holiday,dom_bucket)/mean(SALES_AMT|month); apply 2026 official HK holidays; normalize mean(weight)=1 per month"
2026-11-11,0.948829935,11,2,0,0,11_20,"train(2024-2025): mean(SALES_AMT|month,dow,is_holiday,dom_bucket)/mean(SALES_AMT|month); apply 2026 official HK holidays; normalize mean(weight)=1 per month"
2026-11-12,0.982723684,11,3,0,0,11_20,"train(2024-2025): mean(SALES_AMT|month,dow,is_holiday,dom_bucket)/mean(SALES_AMT|month); apply 2026 official HK holidays; normalize mean(weight)=1 per month"
2026-11-13,0.975053277,11,4,0,0,11_20,"train(2024-2025): mean(SALES_AMT|month,dow,is_holiday,dom_bucket)/mean(SALES_AMT|month); apply 2026 official HK holidays; normalize mean(weight)=1 per month"
2026-11-14,1.134269462,11,5,1,0,11_20,"train(2024-2025): mean(SALES_AMT|month,dow,is_holiday,dom_bucket)/mean(SALES_AMT|month); apply 2026 official HK holidays; normalize mean(weight)=1 per month"
2026-11-15,1.117840066,11,6,1,0,11_20,"train(2024-2025): mean(SALES_AMT|month,dow,is_holiday,dom_bucket)/mean(SALES_AMT|month); apply 2026 official HK holidays; normalize mean(weight)=1 per month"
2026-11-16,0.814453615,11,0,0,0,11_20,"train(2024-2025): mean(SALES_AMT|month,dow,is_holiday,dom_bucket)/mean(SALES_AMT|month); apply 2026 official HK holidays; normalize mean(weight)=1 per month"
2026-11-17,0.869326128,11,1,0,0,11_20,"train(2024-2025): mean(SALES_AMT|month,dow,is_holiday,dom_bucket)/mean(SALES_AMT|month); apply 2026 official HK holidays; normalize mean(weight)=1 per month"
2026-11-18,0.948829935,11,2,0,0,11_20,"train(2024-2025): mean(SALES_AMT|month,dow,is_holiday,dom_bucket)/mean(SALES_AMT|month); apply 2026 official HK holidays; normalize mean(weight)=1 per month"
2026-11-19,0.982723684,11,3,0,0,11_20,"train(2024-2025): mean(SALES_AMT|month,dow,is_holiday,dom_bucket)/mean(SALES_AMT|month); apply 2026 official HK holidays; normalize mean(weight)=1 per month"
2026-11-20,0.975053277,11,4,0,0,11_20,"train(2024-2025): mean(SALES_AMT|month,dow,is_holiday,dom_bucket)/mean(SALES_AMT|month); apply 2026 official HK holidays; normalize mean(weight)=1 per month"
2026-11-21,1.348425458,11,5,1,0,21_EOM,"train(2024-2025): mean(SALES_AMT|month,dow,is_holiday,dom_bucket)/mean(SALES_AMT|month); apply 2026 official HK holidays; normalize mean(weight)=1 per month"
2026-11-22,1.337679269,11,6,1,0,21_EOM,"train(2024-2025): mean(SALES_AMT|month,dow,is_holiday,dom_bucket)/mean(SALES_AMT|month); apply 2026 official HK holidays; normalize mean(weight)=1 per month"
2026-11-23,0.899181696,11,0,0,0,21_EOM,"train(2024-2025): mean(SALES_AMT|month,dow,is_holiday,dom_bucket)/mean(SALES_AMT|month); apply 2026 official HK holidays; normalize mean(weight)=1 per month"
2026-11-24,0.89793668,11,1,0,0,21_EOM,"train(2024-2025): mean(SALES_AMT|month,dow,is_holiday,dom_bucket)/mean(SALES_AMT|month); apply 2026 official HK holidays; normalize mean(weight)=1 per month"
2026-11-25,0.956746465,11,2,0,0,21_EOM,"train(2024-2025): mean(SALES_AMT|month,dow,is_holiday,dom_bucket)/mean(SALES_AMT|month); apply 2026 official HK holidays; normalize mean(weight)=1 per month"
2026-11-26,0.983338956,11,3,0,0,21_EOM,"train(2024-2025): mean(SALES_AMT|month,dow,is_holiday,dom_bucket)/mean(SALES_AMT|month); apply 2026 official HK holidays; normalize mean(weight)=1 per month"
2026-11-27,1.000977276,11,4,0,0,21_EOM,"train(2024-2025): mean(SALES_AMT|month,dow,is_holiday,dom_bucket)/mean(SALES_AMT|month); apply 2026 official HK holidays; normalize mean(weight)=1 per month"
2026-11-28,1.348425458,11,5,1,0,21_EOM,"train(2024-2025): mean(SALES_AMT|month,dow,is_holiday,dom_bucket)/mean(SALES_AMT|month); apply 2026 official HK holidays; normalize mean(weight)=1 per month"
2026-11-29,1.337679269,11,6,1,0,21_EOM,"train(2024-2025): mean(SALES_AMT|month,dow,is_holiday,dom_bucket)/mean(SALES_AMT|month); apply 2026 official HK holidays; normalize mean(weight)=1 per month"
2026-11-30,0.899181696,11,0,0,0,21_EOM,"train(2024-2025): mean(SALES_AMT|month,dow,is_holiday,dom_bucket)/mean(SALES_AMT|month); apply 2026 official HK holidays; normalize mean(weight)=1 per month"
2026-12-01,0.773215781,12,1,0,0,1_10,"train(2024-2025): mean(SALES_AMT|month,dow,is_holiday,dom_bucket)/mean(SALES_AMT|month); apply 2026 official HK holidays; normalize mean(weight)=1 per month"
2026-12-02,0.721716662,12,2,0,0,1_10,"train(2024-2025): mean(SALES_AMT|month,dow,is_holiday,dom_bucket)/mean(SALES_AMT|month); apply 2026 official HK holidays; normalize mean(weight)=1 per month"
2026-12-03,0.739460854,12,3,0,0,1_10,"train(2024-2025): mean(SALES_AMT|month,dow,is_holiday,dom_bucket)/mean(SALES_AMT|month); apply 2026 official HK holidays; normalize mean(weight)=1 per month"
2026-12-04,0.748838017,12,4,0,0,1_10,"train(2024-2025): mean(SALES_AMT|month,dow,is_holiday,dom_bucket)/mean(SALES_AMT|month); apply 2026 official HK holidays; normalize mean(weight)=1 per month"
2026-12-05,1.037692648,12,5,1,0,1_10,"train(2024-2025): mean(SALES_AMT|month,dow,is_holiday,dom_bucket)/mean(SALES_AMT|month); apply 2026 official HK holidays; normalize mean(weight)=1 per month"
2026-12-06,1.164982366,12,6,1,0,1_10,"train(2024-2025): mean(SALES_AMT|month,dow,is_holiday,dom_bucket)/mean(SALES_AMT|month); apply 2026 official HK holidays; normalize mean(weight)=1 per month"
2026-12-07,0.83853403,12,0,0,0,1_10,"train(2024-2025): mean(SALES_AMT|month,dow,is_holiday,dom_bucket)/mean(SALES_AMT|month); apply 2026 official HK holidays; normalize mean(weight)=1 per month"
2026-12-08,0.773215781,12,1,0,0,1_10,"train(2024-2025): mean(SALES_AMT|month,dow,is_holiday,dom_bucket)/mean(SALES_AMT|month); apply 2026 official HK holidays; normalize mean(weight)=1 per month"
2026-12-09,0.721716662,12,2,0,0,1_10,"train(2024-2025): mean(SALES_AMT|month,dow,is_holiday,dom_bucket)/mean(SALES_AMT|month); apply 2026 official HK holidays; normalize mean(weight)=1 per month"
2026-12-10,0.739460854,12,3,0,0,1_10,"train(2024-2025): mean(SALES_AMT|month,dow,is_holiday,dom_bucket)/mean(SALES_AMT|month); apply 2026 official HK holidays; normalize mean(weight)=1 per month"
2026-12-11,0.97215643,12,4,0,0,11_20,"train(2024-2025): mean(SALES_AMT|month,dow,is_holiday,dom_bucket)/mean(SALES_AMT|month); apply 2026 official HK holidays; normalize mean(weight)=1 per month"
2026-12-12,1.247021343,12,5,1,0,11_20,"train(2024-2025): mean(SALES_AMT|month,dow,is_holiday,dom_bucket)/mean(SALES_AMT|month); apply 2026 official HK holidays; normalize mean(weight)=1 per month"
2026-12-13,1.447603254,12,6,1,0,11_20,"train(2024-2025): mean(SALES_AMT|month,dow,is_holiday,dom_bucket)/mean(SALES_AMT|month); apply 2026 official HK holidays; normalize mean(weight)=1 per month"
2026-12-14,1.098042427,12,0,0,0,11_20,"train(2024-2025): mean(SALES_AMT|month,dow,is_holiday,dom_bucket)/mean(SALES_AMT|month); apply 2026 official HK holidays; normalize mean(weight)=1 per month"
2026-12-15,1.041447374,12,1,0,0,11_20,"train(2024-2025): mean(SALES_AMT|month,dow,is_holiday,dom_bucket)/mean(SALES_AMT|month); apply 2026 official HK holidays; normalize mean(weight)=1 per month"
2026-12-16,1.006154057,12,2,0,0,11_20,"train(2024-2025): mean(SALES_AMT|month,dow,is_holiday,dom_bucket)/mean(SALES_AMT|month); apply 2026 official HK holidays; normalize mean(weight)=1 per month"
2026-12-17,0.952788119,12,3,0,0,11_20,"train(2024-2025): mean(SALES_AMT|month,dow,is_holiday,dom_bucket)/mean(SALES_AMT|month); apply 2026 official HK holidays; normalize mean(weight)=1 per month"
2026-12-18,0.97215643,12,4,0,0,11_20,"train(2024-2025): mean(SALES_AMT|month,dow,is_holiday,dom_bucket)/mean(SALES_AMT|month); apply 2026 official HK holidays; normalize mean(weight)=1 per month"
2026-12-19,1.247021343,12,5,1,0,11_20,"train(2024-2025): mean(SALES_AMT|month,dow,is_holiday,dom_bucket)/mean(SALES_AMT|month); apply 2026 official HK holidays; normalize mean(weight)=1 per month"
2026-12-20,1.447603254,12,6,1,0,11_20,"train(2024-2025): mean(SALES_AMT|month,dow,is_holiday,dom_bucket)/mean(SALES_AMT|month); apply 2026 official HK holidays; normalize mean(weight)=1 per month"
2026-12-21,1.016541157,12,0,0,0,21_EOM,"train(2024-2025): mean(SALES_AMT|month,dow,is_holiday,dom_bucket)/mean(SALES_AMT|month); apply 2026 official HK holidays; normalize mean(weight)=1 per month"
2026-12-22,1.041636552,12,1,0,0,21_EOM,"train(2024-2025): mean(SALES_AMT|month,dow,is_holiday,dom_bucket)/mean(SALES_AMT|month); apply 2026 official HK holidays; normalize mean(weight)=1 per month"
2026-12-23,0.948683601,12,2,0,0,21_EOM,"train(2024-2025): mean(SALES_AMT|month,dow,is_holiday,dom_bucket)/mean(SALES_AMT|month); apply 2026 official HK holidays; normalize mean(weight)=1 per month"
2026-12-24,0.846124487,12,3,0,0,21_EOM,"train(2024-2025): mean(SALES_AMT|month,dow,is_holiday,dom_bucket)/mean(SALES_AMT|month); apply 2026 official HK holidays; normalize mean(weight)=1 per month"
2026-12-25,1.087349089,12,4,0,1,21_EOM,"train(2024-2025): mean(SALES_AMT|month,dow,is_holiday,dom_bucket)/mean(SALES_AMT|month); apply 2026 official HK holidays; normalize mean(weight)=1 per month"
2026-12-26,1.212229352,12,5,1,1,21_EOM,"train(2024-2025): mean(SALES_AMT|month,dow,is_holiday,dom_bucket)/mean(SALES_AMT|month); apply 2026 official HK holidays; normalize mean(weight)=1 per month"
2026-12-27,1.30362228,12,6,1,0,21_EOM,"train(2024-2025): mean(SALES_AMT|month,dow,is_holiday,dom_bucket)/mean(SALES_AMT|month); apply 2026 official HK holidays; normalize mean(weight)=1 per month"
2026-12-28,1.016541157,12,0,0,0,21_EOM,"train(2024-2025): mean(SALES_AMT|month,dow,is_holiday,dom_bucket)/mean(SALES_AMT|month); apply 2026 official HK holidays; normalize mean(weight)=1 per month"
2026-12-29,1.041636552,12,1,0,0,21_EOM,"train(2024-2025): mean(SALES_AMT|month,dow,is_holiday,dom_bucket)/mean(SALES_AMT|month); apply 2026 official HK holidays; normalize mean(weight)=1 per month"
2026-12-30,0.948683601,12,2,0,0,21_EOM,"train(2024-2025): mean(SALES_AMT|month,dow,is_holiday,dom_bucket)/mean(SALES_AMT|month); apply 2026 official HK holidays; normalize mean(weight)=1 per month"
2026-12-31,0.846124487,12,3,0,0,21_EOM,"train(2024-2025): mean(SALES_AMT|month,dow,is_holiday,dom_bucket)/mean(SALES_AMT|month); apply 2026 official HK holidays; normalize mean(weight)=1 per month"
